{
  "project_info": {
    "project_number": "1028413263049",
    "project_id": "devlardata",
    "storage_bucket": "devlardata.appspot.com"
  },
  "client": [
    {
      "client_info": {
        "mobilesdk_app_id": "1:1028413263049:android:ed513de53474db53ced118",
        "android_client_info": {
          "package_name": "com.nass.devlar_demo3_nass"
        }
      },
      "oauth_client": [],
      "api_key": [
        {
          "current_key": "AIzaSyCz5HRQ43SPSqH0gZzv7zpCvDNXJ0FKcNU"
        }
      ],
      "services": {
        "appinvite_service": {
          "other_platform_oauth_client": []
        }
      }
    }
  ],
  "configuration_version": "1"
}